Instance,Algorithm,V_Exploit_Mean,V_Exploit_Std,V_Explore_Mean,V_Explore_Std,Bin_Simple_Mean,Bin_Simple_Std,Bin_Complex_Mean,Bin_Complex_Std,Overhead_Complex_vs_Exploit_Pct,Overhead_Complex_vs_Explore_Pct
mknapcb1[0],BPSO,43.58,0.29,43.76,0.47,49.19,1.02,49.99,1.22,+14.72%,+14.25%
mknapcb1[0],GA,29.12,0.91,38.38,1.07,43.10,1.43,43.28,1.44,+48.66%,+12.78%
mknapcb1[0],BGWO,47.75,0.81,47.58,0.43,53.71,1.05,53.25,1.11,+11.53%,+11.92%
mknapcb1[0],BDE,46.43,1.23,46.52,0.98,52.83,1.57,49.22,2.84,+6.01%,+5.80%
mknapcb1[15],BPSO,23.62,0.39,24.25,0.24,29.24,0.31,29.89,1.13,+26.54%,+23.24%
mknapcb1[15],GA,19.13,0.31,21.35,0.36,26.44,0.74,26.62,1.33,+39.13%,+24.67%
mknapcb1[15],BGWO,29.37,0.39,29.11,0.31,34.95,1.11,34.93,1.61,+18.92%,+19.99%
mknapcb1[15],BDE,31.86,2.05,31.32,1.18,38.04,1.16,35.21,1.44,+10.52%,+12.42%
mknapcb1[29],BPSO,18.23,0.21,17.68,0.25,23.08,0.34,23.46,0.73,+28.68%,+32.70%
mknapcb1[29],GA,10.81,0.30,12.27,0.29,17.61,0.56,17.43,0.47,+61.33%,+42.13%
mknapcb1[29],BGWO,14.85,0.17,14.98,0.16,20.40,0.43,20.62,0.69,+38.82%,+37.67%
mknapcb1[29],BDE,22.98,0.82,22.61,0.44,28.44,0.97,26.67,0.63,+16.08%,+17.99%
mknapcb2[0],BPSO,110.13,0.98,111.08,1.33,117.41,1.86,119.04,2.67,+8.09%,+7.16%
mknapcb2[0],GA,85.13,1.34,97.49,1.88,103.42,2.42,102.86,2.36,+20.83%,+5.52%
mknapcb2[0],BGWO,119.18,1.31,118.20,1.83,125.69,2.64,126.25,3.46,+5.93%,+6.82%
mknapcb2[0],BDE,118.88,1.93,118.90,1.70,126.27,3.09,117.02,4.81,-1.56%,-1.58%
mknapcb2[15],BPSO,52.36,0.67,54.49,0.80,59.74,0.81,60.54,1.41,+15.62%,+11.09%
mknapcb2[15],GA,49.54,1.30,47.13,0.77,53.13,1.21,53.82,1.57,+8.65%,+14.20%
mknapcb2[15],BGWO,68.40,0.63,67.77,0.83,75.05,1.73,74.85,1.61,+9.43%,+10.45%
mknapcb2[15],BDE,65.87,5.84,67.72,2.89,77.99,4.51,72.44,4.23,+9.97%,+6.97%
mknapcb2[29],BPSO,44.80,0.66,44.05,0.37,49.61,0.69,50.91,1.50,+13.63%,+15.58%
mknapcb2[29],GA,24.65,0.64,27.56,0.66,33.10,0.80,33.09,0.96,+34.22%,+20.07%
mknapcb2[29],BGWO,32.61,0.34,33.20,0.44,39.16,0.91,38.92,0.89,+19.32%,+17.22%
mknapcb2[29],BDE,53.96,1.99,53.76,1.12,60.51,1.51,56.87,2.24,+5.39%,+5.78%
mknapcb3[0],BPSO,219.09,2.08,220.63,3.15,229.97,3.85,232.02,4.50,+5.90%,+5.16%
mknapcb3[0],GA,187.66,3.31,199.61,11.21,202.93,3.09,203.08,4.29,+8.22%,+1.74%
mknapcb3[0],BGWO,237.29,5.15,236.46,7.67,245.37,4.57,244.50,5.59,+3.04%,+3.40%
mknapcb3[0],BDE,234.83,5.78,234.87,5.93,246.18,4.83,225.10,15.95,-4.14%,-4.16%
mknapcb3[15],BPSO,107.29,1.13,109.64,0.90,115.41,1.94,117.13,1.92,+9.17%,+6.83%
mknapcb3[15],GA,112.92,2.36,96.28,2.07,103.30,2.57,105.36,2.47,-6.69%,+9.43%
mknapcb3[15],BGWO,139.91,1.39,138.05,2.14,146.92,2.81,147.60,3.64,+5.49%,+6.91%
mknapcb3[15],BDE,138.75,7.98,140.32,6.25,155.96,9.33,144.90,10.23,+4.43%,+3.26%
mknapcb3[29],BPSO,92.99,1.09,91.38,0.95,97.38,1.28,99.02,2.37,+6.48%,+8.37%
mknapcb3[29],GA,49.42,1.10,56.48,1.20,61.80,1.07,61.79,1.80,+25.03%,+9.40%
mknapcb3[29],BGWO,65.28,0.57,66.38,0.92,73.39,1.48,73.55,2.02,+12.67%,+10.79%
mknapcb3[29],BDE,106.93,3.61,107.29,2.16,115.01,2.48,108.70,3.55,+1.65%,+1.31%
mknapcb4[0],BPSO,45.55,3.18,45.44,2.50,50.85,1.37,50.97,3.08,+11.89%,+12.17%
mknapcb4[0],GA,29.18,0.20,38.88,0.23,43.68,3.03,42.95,0.98,+47.20%,+10.49%
mknapcb4[0],BGWO,48.80,1.76,48.97,3.24,53.96,0.42,54.24,2.20,+11.16%,+10.77%
mknapcb4[0],BDE,47.37,2.15,47.04,0.38,52.51,3.19,49.59,2.13,+4.69%,+5.43%
mknapcb4[15],BPSO,25.11,1.62,25.93,1.62,30.84,0.17,30.77,0.15,+22.51%,+18.64%
mknapcb4[15],GA,19.84,0.17,22.73,1.41,27.64,1.48,27.43,1.45,+38.27%,+20.71%
mknapcb4[15],BGWO,30.79,1.89,30.06,0.11,35.57,1.01,35.31,0.21,+14.68%,+17.47%
mknapcb4[15],BDE,31.57,0.67,31.63,2.08,36.97,2.01,35.01,1.44,+10.91%,+10.70%
mknapcb4[29],BPSO,18.61,1.30,17.82,1.24,23.22,1.25,22.97,0.20,+23.41%,+28.90%
mknapcb4[29],GA,10.91,0.10,12.60,0.07,17.82,0.60,17.81,0.99,+63.25%,+41.40%
mknapcb4[29],BGWO,15.34,0.96,15.47,0.97,20.62,0.45,20.38,0.10,+32.83%,+31.76%
mknapcb4[29],BDE,22.70,0.54,22.63,0.32,28.04,1.75,26.94,0.93,+18.68%,+19.00%
mknapcb5[0],BPSO,116.69,6.23,117.26,7.09,121.84,8.64,121.96,5.41,+4.52%,+4.01%
mknapcb5[0],GA,87.74,0.53,101.02,1.26,104.81,0.78,104.42,0.90,+19.01%,+3.36%
mknapcb5[0],BGWO,125.87,8.73,124.48,8.00,128.00,0.39,129.48,7.00,+2.86%,+4.02%
mknapcb5[0],BDE,121.93,1.92,121.82,4.93,127.94,9.18,119.24,3.62,-2.20%,-2.12%
mknapcb5[15],BPSO,58.25,4.16,59.81,0.36,65.31,4.27,65.20,4.20,+11.93%,+9.02%
mknapcb5[15],GA,54.73,0.40,52.48,3.75,56.97,0.38,57.75,3.80,+5.53%,+10.05%
mknapcb5[15],BGWO,74.96,2.55,73.20,0.44,78.72,1.68,78.20,0.29,+4.32%,+6.82%
mknapcb5[15],BDE,75.95,5.20,76.01,5.46,81.53,2.04,78.04,3.86,+2.75%,+2.67%
mknapcb5[29],BPSO,46.00,3.28,44.28,0.19,49.96,1.98,50.55,3.48,+9.90%,+14.16%
mknapcb5[29],GA,25.26,0.41,28.93,1.86,33.78,1.27,33.48,0.25,+32.55%,+15.72%
mknapcb5[29],BGWO,33.61,1.69,34.22,2.26,39.57,1.77,39.19,0.45,+16.59%,+14.53%
mknapcb5[29],BDE,54.25,2.30,54.01,0.52,59.16,0.75,57.65,2.66,+6.28%,+6.75%
mknapcb6[0],BPSO,239.24,3.58,238.38,7.59,241.15,0.50,244.38,15.23,+2.15%,+2.52%
mknapcb6[0],GA,200.44,4.32,208.73,5.07,215.40,13.76,212.19,0.68,+5.86%,+1.66%
mknapcb6[0],BGWO,254.27,6.27,251.53,3.85,261.17,16.37,260.90,14.50,+2.61%,+3.72%
mknapcb6[0],BDE,245.10,6.22,246.71,14.83,251.71,1.55,236.25,11.98,-3.61%,-4.24%
mknapcb6[15],BPSO,112.24,7.00,114.51,0.61,119.15,0.62,119.07,0.50,+6.09%,+3.98%
mknapcb6[15],GA,115.77,0.63,99.68,4.68,106.09,6.21,107.70,6.19,-6.97%,+8.05%
mknapcb6[15],BGWO,147.42,4.31,145.00,8.67,149.82,0.54,149.77,0.45,+1.59%,+3.29%
mknapcb6[15],BDE,144.04,6.90,148.48,11.14,161.12,9.75,153.03,12.67,+6.24%,+3.06%
mknapcb6[29],BPSO,97.71,3.92,95.02,0.60,101.98,6.21,101.28,0.30,+3.65%,+6.60%
mknapcb6[29],GA,53.27,0.48,60.50,3.67,65.69,3.68,65.11,3.76,+22.23%,+7.61%
mknapcb6[29],BGWO,69.28,2.67,70.64,4.08,75.29,0.33,75.91,3.48,+9.58%,+7.47%
mknapcb6[29],BDE,112.52,5.96,111.08,1.32,119.65,8.04,112.31,2.77,-0.18%,+1.11%
mknapcb7[0],BPSO,49.38,1.10,50.21,3.64,55.07,1.20,55.16,1.18,+11.70%,+9.85%
mknapcb7[0],GA,32.75,0.35,43.76,3.12,47.15,1.32,47.42,3.16,+44.81%,+8.39%
mknapcb7[0],BGWO,53.49,3.73,52.44,0.30,58.63,3.55,58.46,3.59,+9.29%,+11.47%
mknapcb7[0],BDE,53.63,0.65,53.94,4.07,58.74,0.92,55.70,1.56,+3.86%,+3.25%
mknapcb7[15],BPSO,28.77,1.83,29.89,1.86,34.73,1.86,34.54,1.32,+20.04%,+15.56%
mknapcb7[15],GA,22.34,0.20,25.25,0.15,30.53,1.01,30.50,1.74,+36.52%,+20.82%
mknapcb7[15],BGWO,35.69,2.22,35.24,2.10,40.36,1.24,40.14,0.26,+12.46%,+13.92%
mknapcb7[15],BDE,34.20,1.15,34.29,0.67,39.95,0.98,38.36,2.87,+12.16%,+11.86%
mknapcb7[29],BPSO,18.76,1.30,17.96,1.19,23.16,0.12,23.40,1.17,+24.71%,+30.25%
mknapcb7[29],GA,11.96,0.15,13.48,0.78,18.49,0.86,18.49,0.90,+54.65%,+37.15%
mknapcb7[29],BGWO,15.93,1.02,15.81,0.08,21.21,0.99,21.01,0.12,+31.88%,+32.91%
mknapcb7[29],BDE,23.42,0.64,23.49,1.37,28.46,0.32,27.64,1.19,+18.01%,+17.68%
mknapcb8[0],BPSO,136.64,3.99,135.88,0.78,142.41,8.29,142.81,8.87,+4.52%,+5.10%
mknapcb8[0],GA,104.18,0.55,119.75,7.56,123.63,2.48,122.26,1.15,+17.36%,+2.10%
mknapcb8[0],BGWO,145.36,9.17,142.34,0.53,148.47,0.66,150.01,8.53,+3.20%,+5.39%
mknapcb8[0],BDE,143.37,9.24,142.72,8.95,148.68,9.06,138.82,4.80,-3.17%,-2.73%
mknapcb8[15],BPSO,68.28,4.31,69.84,0.35,75.10,1.07,74.69,0.28,+9.39%,+6.95%
mknapcb8[15],GA,63.55,0.78,61.09,4.06,65.96,3.88,66.30,4.01,+4.33%,+8.54%
mknapcb8[15],BGWO,87.20,5.87,84.66,0.43,90.59,2.62,90.00,0.33,+3.21%,+6.30%
mknapcb8[15],BDE,85.41,2.34,86.80,4.57,93.60,5.65,89.40,5.08,+4.67%,+2.99%
mknapcb8[29],BPSO,49.39,1.97,48.08,3.13,52.97,1.43,52.85,0.88,+7.01%,+9.93%
mknapcb8[29],GA,28.84,0.38,32.14,2.09,37.30,1.98,36.73,0.62,+27.40%,+14.31%
mknapcb8[29],BGWO,36.61,2.19,36.81,0.18,42.10,1.16,42.21,2.14,+15.29%,+14.68%
mknapcb8[29],BDE,57.41,1.84,57.20,1.57,63.36,3.81,59.97,1.55,+4.45%,+4.83%
mknapcb9[0],BPSO,288.76,10.24,286.23,1.08,293.21,17.16,294.65,17.38,+2.04%,+2.94%
mknapcb9[0],GA,240.56,1.43,252.36,14.69,255.44,1.27,255.68,2.61,+6.29%,+1.32%
mknapcb9[0],BGWO,304.34,18.20,299.61,1.12,307.11,1.84,310.72,15.86,+2.10%,+3.71%
mknapcb9[0],BDE,299.70,18.12,299.47,17.77,308.28,18.79,286.76,13.44,-4.32%,-4.24%
mknapcb9[15],BPSO,135.09,3.56,139.35,7.55,141.83,0.62,143.34,7.79,+6.10%,+2.86%
mknapcb9[15],GA,137.15,1.61,118.42,0.76,126.02,6.66,126.23,0.95,-7.96%,+6.60%
mknapcb9[15],BGWO,175.19,9.69,171.69,9.53,176.97,1.82,178.38,9.18,+1.83%,+3.90%
mknapcb9[15],BDE,168.93,5.54,172.88,10.69,185.89,9.80,173.78,5.63,+2.87%,+0.52%
mknapcb9[29],BPSO,109.56,5.19,105.81,6.21,110.41,0.41,111.77,6.24,+2.01%,+5.63%
mknapcb9[29],GA,62.08,0.95,68.28,3.78,73.22,3.83,72.64,3.87,+17.01%,+6.39%
mknapcb9[29],BGWO,77.37,4.17,77.32,0.31,83.42,4.25,82.76,0.60,+6.97%,+7.03%
mknapcb9[29],BDE,123.77,3.65,123.55,7.57,129.03,1.80,125.91,6.88,+1.73%,+1.91%
