Problem,Dim_m,Dim_n,Instance_Idx,Optimum,Algorithm,Strategy,Best_Fitness,Average,Std,Gap_Pct
mknapcb4,10,100,0,23064.0,BPSO,Vanilla Exploitation,23050,22888.52,74.28,0.7609
mknapcb4,10,100,0,23064.0,BPSO,Vanilla Exploration,23055,22983.94,53.72,0.3471
mknapcb4,10,100,0,23064.0,BPSO,Binary-Simple,23055,22948.87,52.51,0.4992
mknapcb4,10,100,0,23064.0,BPSO,Binary-Complex,23055,22968.35,58.21,0.4147
mknapcb4,10,100,0,23064.0,GA,Vanilla Exploitation,23057,22876.87,90.41,0.8113
mknapcb4,10,100,0,23064.0,GA,Vanilla Exploration,23057,22915.45,74.49,0.6441
mknapcb4,10,100,0,23064.0,GA,Binary-Simple,23057,22911.58,70.00,0.6609
mknapcb4,10,100,0,23064.0,GA,Binary-Complex,23057,22910.55,84.55,0.6653
mknapcb4,10,100,0,23064.0,BGWO,Vanilla Exploitation,22800,22654.06,80.20,1.7774
mknapcb4,10,100,0,23064.0,BGWO,Vanilla Exploration,22780,22645.32,60.10,1.8153
mknapcb4,10,100,0,23064.0,BGWO,Binary-Simple,22781,22657.35,64.31,1.7631
mknapcb4,10,100,0,23064.0,BGWO,Binary-Complex,22850,22651.42,81.21,1.7889
mknapcb4,10,100,0,23064.0,BDE,Vanilla Exploitation,23042,22879.74,101.76,0.7989
mknapcb4,10,100,0,23064.0,BDE,Vanilla Exploration,23057,22964.84,58.34,0.4299
mknapcb4,10,100,0,23064.0,BDE,Binary-Simple,23057,22970.10,54.17,0.4071
mknapcb4,10,100,0,23064.0,BDE,Binary-Complex,23057,22958.77,60.23,0.4562
