Instance,MH,p_vs_exploit,sign_vs_exploit,diff_vs_exploit,p_vs_explore,sign_vs_explore,diff_vs_explore,p_vs_simple,sign_vs_simple,diff_vs_simple
mknapcb1,BPSO,1.1735e-06,+,349.13,9.4828e-01,~,-5.48,3.3879e-01,~,20.29
mknapcb1,GA,7.4642e-01,~,-8.06,6.6733e-05,+,93.87,4.6128e-02,+,42.68
mknapcb1,BGWO,7.7754e-01,~,-4.39,2.1384e-03,+,42.77,2.3112e-01,~,34.55
mknapcb1,BDE,1.0246e-05,+,167.03,8.1291e-01,~,-4.74,5.4286e-01,~,-9.26
mknapcb2,BPSO,9.3132e-10,+,1837.19,8.2851e-02,~,-121.19,7.4984e-01,~,25.97
mknapcb2,GA,4.7293e-06,-,-230.74,1.7344e-06,+,2428.39,3.4636e-06,+,732.81
mknapcb2,BGWO,2.8173e-02,-,-171.84,5.9218e-01,~,55.84,7.2125e-01,~,-15.23
mknapcb2,BDE,1.8626e-09,+,1498.97,1.9586e-01,~,43.23,9.7724e-02,~,-116.48
mknapcb3,BPSO,9.3132e-10,+,3339.42,5.9057e-04,-,-572.32,5.0428e-01,~,-61.00
mknapcb3,GA,6.5654e-06,-,-164.39,9.3132e-10,+,10520.65,5.9605e-07,+,1944.13
mknapcb3,BGWO,1.3199e-02,-,-317.00,6.9383e-01,~,62.58,1.0110e-01,~,-193.00
mknapcb3,BDE,9.3132e-10,+,5241.03,8.3926e-01,~,137.84,7.6879e-01,~,33.94
mknapcb4,BPSO,1.1728e-06,+,361.48,5.5083e-01,~,-14.48,9.6093e-01,~,-6.48
mknapcb4,GA,1.7870e-02,-,-64.77,4.4605e-03,+,83.77,5.5207e-01,~,-18.00
mknapcb4,BGWO,3.7448e-01,~,-11.58,3.7545e-01,~,26.87,3.3312e-01,~,15.42
mknapcb4,BDE,3.8799e-06,+,259.71,5.9992e-01,~,9.74,1.9446e-01,~,-17.19
mknapcb5,BPSO,9.3132e-10,+,1583.45,5.8318e-01,~,-25.42,3.5702e-01,~,52.71
mknapcb5,GA,3.4636e-06,-,-285.03,1.1735e-06,+,2540.48,8.1956e-08,+,942.58
mknapcb5,BGWO,2.3192e-01,~,-67.94,3.3133e-01,~,104.13,2.0305e-03,+,206.35
mknapcb5,BDE,9.3132e-10,+,1475.74,1.2759e-07,+,488.23,7.3164e-01,~,40.65
mknapcb6,BPSO,9.3132e-10,+,3477.71,3.6125e-03,-,-556.48,3.6726e-01,~,-150.90
mknapcb6,GA,3.7459e-06,-,-350.90,1.1735e-06,+,10319.81,9.3132e-10,+,1989.06
mknapcb6,BGWO,6.4499e-03,-,-335.84,3.5480e-02,+,172.61,6.9383e-01,~,4.19
mknapcb6,BDE,9.3132e-10,+,5841.16,1.5543e-04,+,1217.23,1.5742e-01,~,-187.74
mknapcb7,BPSO,1.8626e-09,+,435.77,4.7894e-02,-,-47.45,8.2169e-01,~,-3.00
mknapcb7,GA,1.7709e-04,-,-175.55,2.1477e-05,+,215.81,4.6882e-01,~,-36.58
mknapcb7,BGWO,4.7730e-03,-,-108.87,7.1642e-01,~,-17.06,2.8500e-01,~,-30.00
mknapcb7,BDE,1.7384e-06,+,344.00,1.0863e-01,~,61.00,8.2844e-02,~,45.90
mknapcb8,BPSO,9.3132e-10,+,1482.87,4.0702e-02,-,-119.39,9.3443e-01,~,14.55
mknapcb8,GA,1.8952e-06,-,-246.19,9.3132e-10,+,2652.32,9.3132e-10,+,1215.23
mknapcb8,BGWO,7.9135e-01,~,2.42,4.1558e-02,+,109.39,3.1575e-01,~,55.32
mknapcb8,BDE,1.1728e-06,+,1476.97,8.0196e-06,+,378.58,5.9481e-01,~,37.42
mknapcb9,BPSO,9.3132e-10,+,2928.39,2.6964e-03,-,-494.77,1.4605e-01,~,-235.81
mknapcb9,GA,4.6566e-09,-,-571.52,1.1735e-06,+,10444.87,5.6133e-05,+,2020.23
mknapcb9,BGWO,6.9872e-05,-,-511.00,5.0570e-01,~,63.23,9.8183e-01,~,4.90
mknapcb9,BDE,9.3132e-10,+,4935.32,7.0967e-07,+,1591.19,1.5742e-01,~,-413.55
