Problem,Dim (m×n),Instance_Idx,Algorithm,Simple_Mean,Simple_Std,Complex_Mean,Complex_Std,Diff_Mean,Diff_Pct
mknapcb1,5×100,0,BPSO,2.84,1.19,3.16,1.49,+0.32,+11.4%
mknapcb1,5×100,0,GA,2.23,0.92,1.52,0.77,-0.71,-31.9%
mknapcb1,5×100,0,BGWO,2.23,0.76,1.71,1.27,-0.52,-23.2%
mknapcb1,5×100,0,BDE,2.77,1.26,3.39,1.33,+0.61,+22.1%
mknapcb1,5×100,15,BPSO,3.58,1.18,4.06,2.22,+0.48,+13.5%
mknapcb1,5×100,15,GA,1.74,0.58,1.48,0.63,-0.26,-14.8%
mknapcb1,5×100,15,BGWO,2.74,0.86,1.90,1.04,-0.84,-30.6%
mknapcb1,5×100,15,BDE,2.81,0.98,4.61,1.80,+1.81,+64.4%
mknapcb1,5×100,29,BPSO,2.81,1.08,2.03,1.25,-0.77,-27.6%
mknapcb1,5×100,29,GA,2.00,0.68,1.65,0.84,-0.35,-17.7%
mknapcb1,5×100,29,BGWO,2.42,1.50,1.29,0.97,-1.13,-46.7%
mknapcb1,5×100,29,BDE,1.65,0.88,1.65,1.20,+0.00,+0.0%
mknapcb2,5×250,0,BPSO,4.16,1.21,4.65,1.45,+0.48,+11.6%
mknapcb2,5×250,0,GA,1.32,0.48,1.10,0.40,-0.23,-17.1%
mknapcb2,5×250,0,BGWO,2.58,0.96,1.94,1.15,-0.65,-25.0%
mknapcb2,5×250,0,BDE,3.97,1.64,6.97,2.92,+3.00,+75.6%
mknapcb2,5×250,15,BPSO,4.10,1.30,6.23,2.59,+2.13,+52.0%
mknapcb2,5×250,15,GA,1.03,0.18,0.97,0.18,-0.06,-6.2%
mknapcb2,5×250,15,BGWO,2.45,1.18,1.97,1.20,-0.48,-19.7%
mknapcb2,5×250,15,BDE,4.29,1.27,8.52,3.85,+4.23,+98.5%
mknapcb2,5×250,29,BPSO,3.87,1.15,4.71,2.67,+0.84,+21.7%
mknapcb2,5×250,29,GA,1.39,0.50,1.00,0.00,-0.39,-27.9%
mknapcb2,5×250,29,BGWO,1.39,1.23,1.13,0.96,-0.26,-18.6%
mknapcb2,5×250,29,BDE,3.23,1.23,7.48,2.84,+4.26,+132.0%
mknapcb3,5×500,0,BPSO,4.19,1.33,6.45,2.28,+2.26,+53.8%
mknapcb3,5×500,0,GA,1.10,0.30,1.00,0.00,-0.10,-8.8%
mknapcb3,5×500,0,BGWO,2.19,1.08,1.71,1.44,-0.48,-22.1%
mknapcb3,5×500,0,BDE,4.23,1.23,9.52,3.03,+5.29,+125.2%
mknapcb3,5×500,15,BPSO,4.10,0.98,6.45,2.87,+2.35,+57.5%
mknapcb3,5×500,15,GA,1.00,0.00,0.97,0.18,-0.03,-3.2%
mknapcb3,5×500,15,BGWO,2.61,0.92,1.68,0.98,-0.94,-35.8%
mknapcb3,5×500,15,BDE,4.77,2.11,11.77,4.36,+7.00,+146.6%
mknapcb3,5×500,29,BPSO,3.84,1.24,5.42,1.75,+1.58,+41.2%
mknapcb3,5×500,29,GA,1.03,0.18,1.00,0.00,-0.03,-3.1%
mknapcb3,5×500,29,BGWO,0.45,0.89,0.45,0.89,+0.00,+0.0%
mknapcb3,5×500,29,BDE,3.42,1.34,11.39,3.18,+7.97,+233.0%
mknapcb4,10×100,0,BPSO,3.39,1.15,3.68,1.70,+0.29,+8.6%
mknapcb4,10×100,0,GA,2.16,0.86,1.58,0.99,-0.58,-26.9%
mknapcb4,10×100,0,BGWO,2.84,1.13,2.19,1.64,-0.65,-22.7%
mknapcb4,10×100,0,BDE,3.16,1.00,3.90,2.26,+0.74,+23.5%
mknapcb4,10×100,15,BPSO,3.68,1.28,4.68,1.76,+1.00,+27.2%
mknapcb4,10×100,15,GA,1.68,0.65,1.48,0.81,-0.19,-11.5%
mknapcb4,10×100,15,BGWO,2.29,0.74,1.55,1.31,-0.74,-32.4%
mknapcb4,10×100,15,BDE,3.32,1.19,6.23,2.62,+2.90,+87.4%
mknapcb4,10×100,29,BPSO,2.48,1.06,2.68,2.10,+0.19,+7.8%
mknapcb4,10×100,29,GA,1.87,0.76,1.81,0.98,-0.06,-3.4%
mknapcb4,10×100,29,BGWO,2.52,1.12,1.65,1.20,-0.87,-34.6%
mknapcb4,10×100,29,BDE,2.77,0.88,3.06,1.50,+0.29,+10.5%
mknapcb5,10×250,0,BPSO,4.06,1.39,5.00,2.13,+0.94,+23.0%
mknapcb5,10×250,0,GA,1.26,0.44,1.06,0.25,-0.19,-15.4%
mknapcb5,10×250,0,BGWO,2.48,0.63,1.74,0.93,-0.74,-29.9%
mknapcb5,10×250,0,BDE,4.19,1.54,8.39,3.02,+4.19,+100.0%
mknapcb5,10×250,15,BPSO,3.68,1.25,5.77,2.12,+2.10,+57.0%
mknapcb5,10×250,15,GA,1.10,0.30,1.00,0.00,-0.10,-8.8%
mknapcb5,10×250,15,BGWO,2.26,0.86,1.42,1.12,-0.84,-37.1%
mknapcb5,10×250,15,BDE,3.52,1.46,9.03,2.77,+5.52,+156.9%
mknapcb5,10×250,29,BPSO,3.42,1.18,5.26,1.98,+1.84,+53.8%
mknapcb5,10×250,29,GA,1.42,0.50,1.00,0.37,-0.42,-29.5%
mknapcb5,10×250,29,BGWO,1.39,1.15,1.03,0.98,-0.35,-25.6%
mknapcb5,10×250,29,BDE,3.90,1.60,7.39,3.17,+3.48,+89.3%
mknapcb6,10×500,0,BPSO,4.16,1.37,5.45,1.91,+1.29,+31.0%
mknapcb6,10×500,0,GA,1.06,0.25,0.97,0.18,-0.10,-9.1%
mknapcb6,10×500,0,BGWO,2.65,0.91,1.97,0.98,-0.68,-25.6%
mknapcb6,10×500,0,BDE,4.90,2.18,8.23,2.63,+3.32,+67.8%
mknapcb6,10×500,15,BPSO,3.94,1.12,6.55,2.22,+2.61,+66.4%
mknapcb6,10×500,15,GA,1.00,0.00,1.00,0.00,+0.00,+0.0%
mknapcb6,10×500,15,BGWO,2.35,0.95,1.48,1.18,-0.87,-37.0%
mknapcb6,10×500,15,BDE,4.32,1.30,11.90,4.28,+7.58,+175.4%
mknapcb6,10×500,29,BPSO,4.23,1.33,5.06,2.03,+0.84,+19.8%
mknapcb6,10×500,29,GA,1.13,0.34,1.00,0.00,-0.13,-11.4%
mknapcb6,10×500,29,BGWO,0.29,0.64,0.32,0.91,+0.03,+11.1%
mknapcb6,10×500,29,BDE,4.19,1.33,10.65,3.03,+6.45,+153.8%
mknapcb7,30×100,0,BPSO,1.87,0.92,1.35,1.02,-0.52,-27.6%
mknapcb7,30×100,0,GA,2.52,0.89,1.97,1.20,-0.55,-21.8%
mknapcb7,30×100,0,BGWO,2.45,0.81,1.68,0.91,-0.77,-31.6%
mknapcb7,30×100,0,BDE,2.06,0.77,1.81,1.05,-0.26,-12.5%
mknapcb7,30×100,15,BPSO,3.48,1.09,4.77,1.89,+1.29,+37.0%
mknapcb7,30×100,15,GA,1.48,0.57,1.16,0.45,-0.32,-21.7%
mknapcb7,30×100,15,BGWO,2.48,1.00,2.00,1.26,-0.48,-19.5%
mknapcb7,30×100,15,BDE,4.16,1.46,6.65,2.71,+2.48,+59.7%
mknapcb7,30×100,29,BPSO,3.13,1.28,3.52,1.93,+0.39,+12.4%
mknapcb7,30×100,29,GA,2.16,0.97,1.87,0.99,-0.29,-13.4%
mknapcb7,30×100,29,BGWO,2.42,1.06,1.52,1.03,-0.90,-37.3%
mknapcb7,30×100,29,BDE,3.29,1.10,3.81,2.01,+0.52,+15.7%
mknapcb8,30×250,0,BPSO,3.87,1.23,4.39,1.98,+0.52,+13.3%
mknapcb8,30×250,0,GA,1.48,0.57,1.10,0.30,-0.39,-26.1%
mknapcb8,30×250,0,BGWO,2.58,0.96,1.58,1.03,-1.00,-38.8%
mknapcb8,30×250,0,BDE,3.87,1.12,5.45,2.85,+1.58,+40.8%
mknapcb8,30×250,15,BPSO,3.61,1.20,6.58,2.46,+2.97,+82.1%
mknapcb8,30×250,15,GA,1.00,0.00,1.00,0.00,+0.00,+0.0%
mknapcb8,30×250,15,BGWO,2.29,0.94,1.68,1.38,-0.61,-26.8%
mknapcb8,30×250,15,BDE,4.06,1.53,8.97,2.75,+4.90,+120.6%
mknapcb8,30×250,29,BPSO,3.90,1.40,4.77,1.91,+0.87,+22.3%
mknapcb8,30×250,29,GA,1.10,0.30,0.97,0.18,-0.13,-11.8%
mknapcb8,30×250,29,BGWO,1.26,0.89,1.06,0.93,-0.19,-15.4%
mknapcb8,30×250,29,BDE,4.39,1.41,7.26,2.93,+2.87,+65.4%
mknapcb9,30×500,0,BPSO,3.74,1.12,4.29,1.62,+0.55,+14.7%
mknapcb9,30×500,0,GA,1.13,0.34,0.97,0.18,-0.16,-14.3%
mknapcb9,30×500,0,BGWO,2.87,0.88,2.39,1.58,-0.48,-16.9%
mknapcb9,30×500,0,BDE,4.48,1.39,7.10,2.20,+2.61,+58.3%
mknapcb9,30×500,15,BPSO,4.26,1.77,6.74,2.27,+2.48,+58.3%
mknapcb9,30×500,15,GA,1.00,0.00,0.97,0.18,-0.03,-3.2%
mknapcb9,30×500,15,BGWO,2.52,1.03,1.35,0.91,-1.16,-46.2%
mknapcb9,30×500,15,BDE,4.03,1.54,10.10,4.74,+6.06,+150.4%
mknapcb9,30×500,29,BPSO,4.26,1.41,6.00,1.53,+1.74,+40.9%
mknapcb9,30×500,29,GA,1.10,0.30,1.00,0.00,-0.10,-8.8%
mknapcb9,30×500,29,BGWO,0.23,0.43,0.29,0.59,+0.06,+28.6%
mknapcb9,30×500,29,BDE,4.45,1.57,8.84,3.06,+4.39,+98.6%
