instance,mh_raw,mh,vs_exploit_p,vs_exploit_sign,vs_exploit_diff,vs_explore_p,vs_explore_sign,vs_explore_diff,vs_simple_p,vs_simple_sign,vs_simple_diff
mknapcb1,PSO,BPSO,1.4827260137983419e-05,$+$,75.74193548387096,0.17713209636227023,$\approx$,-11.32258064516129,0.782314523339745,$\approx$,-3.903225806451613
mknapcb1,GA,GA,0.010367545349669138,$+$,27.161290322580644,0.920315956544685,$\approx$,1.064516129032258,0.6996353742012995,$\approx$,-3.4193548387096775
mknapcb1,GWO,BGWO,0.3810298222773243,$\approx$,-6.32258064516129,0.7791707483631414,$\approx$,1.2580645161290323,0.5146697234497355,$\approx$,6.193548387096774
mknapcb1,DE,BDE,0.00022604994461745097,$+$,68.58064516129032,0.06776178463487481,$\approx$,-19.225806451612904,0.6024436893779557,$\approx$,-5.483870967741935
mknapcb2,PSO,BPSO,1.2953710030004685e-06,$+$,442.16129032258067,0.01771764981500039,$-$,-54.74193548387097,0.2058642413320536,$\approx$,-33.064516129032256
mknapcb2,GA,GA,3.407291519835866e-06,$-$,-130.67741935483872,1.7300371292901245e-06,$+$,264.7096774193548,0.4446982558984547,$\approx$,34.32258064516129
mknapcb2,GWO,BGWO,0.18865238688886166,$\approx$,-36.225806451612904,0.09367559653193051,$\approx$,24.096774193548388,0.7576703977185296,$\approx$,10.419354838709678
mknapcb2,DE,BDE,1.1735028812661596e-06,$+$,305.96774193548384,0.02360763840010562,$+$,50.225806451612904,0.45639635001829115,$\approx$,-12.290322580645162
mknapcb3,PSO,BPSO,1.1735028812661596e-06,$+$,1301.9354838709678,0.008589296601712704,$-$,-160.41935483870967,0.20271050029614945,$\approx$,-66.90322580645162
mknapcb3,GA,GA,2.323976184426655e-06,$-$,-200.19354838709677,9.313225746154785e-10,$+$,1858.1290322580646,8.195638656616211e-08,$+$,563.0967741935484
mknapcb3,GWO,BGWO,0.04353998545321397,$-$,-122.29032258064517,0.987048648252314,$\approx$,12.67741935483871,0.6037802712940867,$\approx$,50.67741935483871
mknapcb3,DE,BDE,1.862645149230957e-09,$+$,994.741935483871,6.941279080845383e-05,$+$,397.61290322580646,0.49194561038166285,$\approx$,-68.90322580645162
mknapcb4,PSO,BPSO,3.250967285362151e-05,$+$,71.38709677419355,0.07616880332509071,$\approx$,-24.032258064516128,0.13637972081454394,$\approx$,-17.612903225806452
mknapcb4,GA,GA,0.02185342658907824,$+$,55.193548387096776,0.28709167639284705,$\approx$,16.612903225806452,0.1784743565758975,$\approx$,12.903225806451612
mknapcb4,GWO,BGWO,0.607096731770818,$\approx$,-10.387096774193548,0.7332713908212207,$\approx$,-1.6451612903225807,0.7770661110949808,$\approx$,13.096774193548388
mknapcb4,DE,BDE,0.016364103054359737,$+$,69.6774193548387,0.6004102476880078,$\approx$,-15.419354838709678,0.23426268588522658,$\approx$,-22.387096774193548
mknapcb5,PSO,BPSO,2.7939677238464355e-09,$+$,569.0322580645161,0.1288207285878323,$\approx$,-42.32258064516129,0.6663706935830649,$\approx$,12.451612903225806
mknapcb5,GA,GA,3.4552067518234253e-07,$-$,-212.25806451612902,9.313225746154785e-10,$+$,411.19354838709677,0.09381950184554942,$\approx$,95.2258064516129
mknapcb5,GWO,BGWO,0.01869285199791193,$-$,-93.54838709677419,0.8688756214593663,$\approx$,7.354838709677419,0.8986391700015524,$\approx$,6.225806451612903
mknapcb5,DE,BDE,4.968709301191073e-06,$+$,303.80645161290323,0.026130872318738205,$+$,69.70967741935483,0.2022014917736138,$\approx$,-51.54838709677419
mknapcb6,PSO,BPSO,9.313225746154785e-10,$+$,973.9677419354839,0.022097455337643623,$-$,-129.16129032258064,0.2811070188681397,$\approx$,-80.83870967741936
mknapcb6,GA,GA,4.991888999938965e-07,$-$,-359.5483870967742,9.313225746154785e-10,$+$,2182.967741935484,4.72646880091332e-06,$+$,768.5483870967741
mknapcb6,GWO,BGWO,0.00010677427053451538,$-$,-199.06451612903226,0.44201206779242264,$\approx$,-49.54838709677419,0.2899207631126046,$\approx$,-111.06451612903226
mknapcb6,DE,BDE,1.2759119272232056e-07,$+$,1018.1935483870968,2.7939677238464355e-09,$+$,663.8064516129032,0.6635807873681188,$\approx$,1.3225806451612903
mknapcb7,PSO,BPSO,0.018453954515232712,$+$,52.58064516129032,0.2244850877573148,$\approx$,-21.483870967741936,0.3614215507089591,$\approx$,22.387096774193548
mknapcb7,GA,GA,2.721098385611379e-06,$+$,140.58064516129033,0.5183173878672331,$\approx$,-19.193548387096776,0.14101290548580683,$\approx$,-25.677419354838708
mknapcb7,GWO,BGWO,0.4454417711852672,$\approx$,-7.387096774193548,0.8886378608950078,$\approx$,1.903225806451613,0.8589549227374824,$\approx$,1.1935483870967742
mknapcb7,DE,BDE,8.190675893172742e-05,$+$,81.41935483870968,0.07560973924437475,$\approx$,-29.032258064516128,0.5559278373185512,$\approx$,5.258064516129032
mknapcb8,PSO,BPSO,1.7384337568145348e-06,$+$,329.5483870967742,0.1794573331554019,$\approx$,-48.87096774193548,0.5115024572047491,$\approx$,12.161290322580646
mknapcb8,GA,GA,0.00024768490649897443,$-$,-173.16129032258064,8.252170699186731e-06,$+$,353.3225806451613,0.03688071014295857,$+$,111.87096774193549
mknapcb8,GWO,BGWO,0.608313562348485,$\approx$,-17.451612903225808,0.5295876623821407,$\approx$,8.129032258064516,0.8446298447853597,$\approx$,3.4193548387096775
mknapcb8,DE,BDE,8.019618690013885e-06,$+$,254.29032258064515,0.00021236365276092485,$+$,213.70967741935485,0.7538611333550084,$\approx$,29.548387096774192
mknapcb9,PSO,BPSO,9.313225746154785e-10,$+$,931.8387096774194,0.9000833509489894,$\approx$,-3.4516129032258065,0.43272085953503847,$\approx$,49.935483870967744
mknapcb9,GA,GA,1.862645149230957e-09,$-$,-690.6451612903226,9.313225746154785e-10,$+$,2038.3225806451612,1.4847386609958469e-05,$+$,949.7096774193549
mknapcb9,GWO,BGWO,0.1701284853915288,$\approx$,-81.54838709677419,0.9396727300650676,$\approx$,-5.709677419354839,0.444234280847013,$\approx$,21.870967741935484
mknapcb9,DE,BDE,7.537453398939206e-06,$+$,782.9354838709677,6.51925802230835e-09,$+$,677.0645161290323,0.9262531429006026,$\approx$,-8.548387096774194
